Image Data ID,Subject,Group,Sex,Age,Visit,Modality,Description,Type,Acq Date,Format,Downloaded
65561,002_S_1261,CN,F,71,2,MRI,MPR; ; N3; Scaled,Processed,2/27/2007,NiFTI,7/29/2019
132220,002_S_1261,CN,F,73,4,MRI,MPR; ; N3; Scaled,Processed,5/27/2008,NiFTI,7/29/2019
79135,002_S_1261,CN,F,72,3,MRI,MPR; ; N3; Scaled,Processed,8/30/2007,NiFTI,7/29/2019
104471,002_S_1280,CN,F,72,4,MRI,MPR; ; N3; Scaled,Processed,3/25/2008,NiFTI,7/29/2019
65874,002_S_1280,CN,F,71,2,MRI,MPR; ; N3; Scaled,Processed,2/27/2007,NiFTI,7/29/2019
78677,002_S_1280,CN,F,71,3,MRI,MPR; ; N3; Scaled,Processed,10/10/2007,NiFTI,7/29/2019
71312,005_S_0553,CN,M,86,4,MRI,MPR; GradWarp; B1 Correction; N3; Scaled,Processed,6/14/2007,NiFTI,7/29/2019
67899,005_S_0553,CN,M,85,3,MRI,MPR; GradWarp; B1 Correction; N3; Scaled,Processed,1/04/2007,NiFTI,7/29/2019
32755,005_S_0553,CN,M,85,2,MRI,MPR; GradWarp; B1 Correction; N3; Scaled,Processed,6/28/2006,NiFTI,7/28/2019
74203,005_S_0602,CN,M,72,4,MRI,MPR; GradWarp; B1 Correction; N3; Scaled,Processed,8/08/2007,NiFTI,
67677,005_S_0602,CN,M,72,3,MRI,MPR; GradWarp; B1 Correction; N3; Scaled,Processed,2/06/2007,NiFTI,
32762,005_S_0602,CN,M,71,2,MRI,MPR; GradWarp; B1 Correction; N3; Scaled,Processed,7/25/2006,NiFTI,7/28/2019
75029,007_S_1206,CN,M,74,3,MRI,MPR; GradWarp; B1 Correction; N3; Scaled,Processed,8/21/2007,NiFTI,7/29/2019
96034,007_S_1206,CN,M,74,4,MRI,MPR; GradWarp; B1 Correction; N3; Scaled,Processed,2/22/2008,NiFTI,7/29/2019
59955,007_S_1206,CN,M,73,2,MRI,MPR; GradWarp; B1 Correction; N3; Scaled,Processed,1/30/2007,NiFTI,7/29/2019
59986,007_S_1222,CN,F,73,2,MRI,MPR; GradWarp; B1 Correction; N3; Scaled,Processed,2/07/2007,NiFTI,7/29/2019
96052,007_S_1222,CN,F,75,4,MRI,MPR; GradWarp; B1 Correction; N3; Scaled,Processed,2/22/2008,NiFTI,7/29/2019
77017,007_S_1222,CN,F,74,3,MRI,MPR; GradWarp; B1 Correction; N3; Scaled,Processed,8/28/2007,NiFTI,7/29/2019
71351,012_S_1009,CN,M,76,3,MRI,MPR; ; N3; Scaled,Processed,5/30/2007,NiFTI,7/29/2019
92316,012_S_1009,CN,M,77,4,MRI,MPR; ; N3; Scaled,Processed,11/26/2007,NiFTI,7/29/2019
59214,012_S_1009,CN,M,76,2,MRI,MPR; ; N3; Scaled,Processed,11/03/2006,NiFTI,7/29/2019
118773,018_S_0369,CN,M,76,2,MRI,MPR; ; N3; Scaled_2,Processed,5/11/2006,NiFTI,7/29/2019
35021,018_S_0369,CN,M,77,3,MRI,MPR; ; N3; Scaled,Processed,10/31/2006,NiFTI,7/28/2019
70680,018_S_0369,CN,M,77,4,MRI,MPR; ; N3; Scaled,Processed,4/24/2007,NiFTI,7/29/2019
37190,018_S_0369,CN,M,76,2,MRI,MPR; ; N3; Scaled,Processed,5/11/2006,NiFTI,7/29/2019
139891,018_S_0425,CN,M,86,2,MRI,MPR; ; N3; Scaled,Processed,6/19/2006,NiFTI,7/29/2019
65952,018_S_0425,CN,M,87,4,MRI,MPR; ; N3; Scaled,Processed,6/15/2007,NiFTI,7/29/2019
67377,018_S_0425,CN,M,87,3,MRI,MPR; ; N3; Scaled,Processed,12/12/2006,NiFTI,7/29/2019
51934,023_S_0031,CN,F,78,2,MRI,MPR-R; GradWarp; B1 Correction; N3; Scaled,Processed,10/28/2005,NiFTI,7/29/2019
81856,023_S_0031,CN,F,78,3,MRI,MPR; GradWarp; B1 Correction; N3; Scaled,Processed,4/17/2006,NiFTI,7/29/2019
118842,023_S_0031,CN,F,78,3,MRI,MPR; GradWarp; B1 Correction; N3; Scaled_2,Processed,4/17/2006,NiFTI,7/29/2019
118846,023_S_0031,CN,F,79,4,MRI,MPR-R; GradWarp; B1 Correction; N3; Scaled_2,Processed,10/30/2006,NiFTI,7/29/2019
89933,023_S_0031,CN,F,79,4,MRI,MPR-R; GradWarp; B1 Correction; N3; Scaled,Processed,10/30/2006,NiFTI,7/29/2019
118848,023_S_0031,CN,F,78,2,MRI,MPR-R; GradWarp; B1 Correction; N3; Scaled_2,Processed,10/28/2005,NiFTI,7/29/2019
118852,023_S_0058,CN,M,71,4,MRI,MPR; GradWarp; B1 Correction; N3; Scaled_2,Processed,12/19/2006,NiFTI,7/29/2019
118837,023_S_0058,CN,M,70,2,MRI,MPR; GradWarp; B1 Correction; N3; Scaled_2,Processed,12/12/2005,NiFTI,7/29/2019
118841,023_S_0058,CN,M,71,3,MRI,MPR; GradWarp; B1 Correction; N3; Scaled_2,Processed,6/13/2006,NiFTI,7/29/2019
30968,023_S_0058,CN,M,70,2,MRI,MPR; GradWarp; B1 Correction; N3; Scaled,Processed,12/12/2005,NiFTI,7/29/2019
30979,023_S_0058,CN,M,71,3,MRI,MPR; GradWarp; B1 Correction; N3; Scaled,Processed,6/13/2006,NiFTI,7/28/2019
118854,023_S_0061,CN,F,77,2,MRI,MPR; GradWarp; B1 Correction; N3; Scaled_2,Processed,12/20/2005,NiFTI,7/29/2019
81874,023_S_0061,CN,F,78,4,MRI,MPR; GradWarp; B1 Correction; N3; Scaled,Processed,12/06/2006,NiFTI,7/29/2019
118855,023_S_0061,CN,F,78,3,MRI,MPR; GradWarp; B1 Correction; N3; Scaled_2,Processed,6/15/2006,NiFTI,7/29/2019
118858,023_S_0061,CN,F,78,4,MRI,MPR; GradWarp; B1 Correction; N3; Scaled_2,Processed,12/06/2006,NiFTI,7/29/2019
64681,023_S_0061,CN,F,78,3,MRI,MPR; GradWarp; B1 Correction; N3; Scaled,Processed,6/15/2006,NiFTI,7/29/2019
31107,023_S_0061,CN,F,77,2,MRI,MPR; GradWarp; B1 Correction; N3; Scaled,Processed,12/20/2005,NiFTI,7/28/2019
118901,023_S_0926,CN,F,72,3,MRI,MPR; GradWarp; B1 Correction; N3; Scaled_2,Processed,4/03/2007,NiFTI,7/23/2019
138627,023_S_0926,CN,F,71,2,MRI,MPR-R; GradWarp; B1 Correction; N3; Scaled,Processed,10/16/2006,NiFTI,7/29/2019
64995,023_S_0926,CN,F,72,3,MRI,MPR; GradWarp; B1 Correction; N3; Scaled,Processed,4/03/2007,NiFTI,7/29/2019
81937,023_S_0926,CN,F,72,4,MRI,MPR; GradWarp; B1 Correction; N3; Scaled,Processed,10/23/2007,NiFTI,7/29/2019
64849,023_S_0963,CN,M,73,3,MRI,MPR; GradWarp; B1 Correction; N3; Scaled,Processed,4/04/2007,NiFTI,7/29/2019
118904,023_S_0963,CN,M,73,2,MRI,MPR-R; GradWarp; B1 Correction; N3; Scaled_2,Processed,10/17/2006,NiFTI,7/29/2019
118906,023_S_0963,CN,M,73,3,MRI,MPR; GradWarp; B1 Correction; N3; Scaled_2,Processed,4/04/2007,NiFTI,7/23/2019
90026,023_S_0963,CN,M,73,2,MRI,MPR-R; GradWarp; B1 Correction; N3; Scaled,Processed,10/17/2006,NiFTI,7/29/2019
82205,023_S_0963,CN,M,74,4,MRI,MPR; GradWarp; B1 Correction; N3; Scaled,Processed,10/11/2007,NiFTI,7/29/2019
73600,023_S_1190,CN,F,77,3,MRI,MPR; GradWarp; B1 Correction; N3; Scaled,Processed,7/17/2007,NiFTI,7/29/2019
52129,023_S_1190,CN,F,77,2,MRI,MPR; GradWarp; B1 Correction; N3; Scaled,Processed,1/17/2007,NiFTI,7/29/2019
88372,023_S_1190,CN,F,78,4,MRI,MPR; GradWarp; B1 Correction; N3; Scaled,Processed,1/08/2008,NiFTI,7/29/2019
118920,023_S_1190,CN,F,77,2,MRI,MPR; GradWarp; B1 Correction; N3; Scaled_2,Processed,1/17/2007,NiFTI,7/29/2019
47065,027_S_0403,CN,M,77,3,MRI,MPR-R; GradWarp; B1 Correction; N3; Scaled,Processed,10/26/2006,NiFTI,7/29/2019
67380,027_S_0403,CN,M,77,4,MRI,MPR; GradWarp; B1 Correction; N3; Scaled,Processed,5/14/2007,NiFTI,7/29/2019
34190,027_S_0403,CN,M,76,2,MRI,MPR-R; GradWarp; B1 Correction; N3; Scaled,Processed,5/08/2006,NiFTI,7/28/2019
90942,032_S_0677,CN,M,71,2,MRI,MPR; GradWarp; B1 Correction; N3; Scaled,Processed,10/09/2006,NiFTI,7/29/2019
90951,032_S_0677,CN,M,72,3,MRI,MPR; GradWarp; B1 Correction; N3; Scaled,Processed,4/03/2007,NiFTI,7/29/2019
73347,032_S_0677,CN,M,72,4,MRI,MPR; GradWarp; B1 Correction; N3; Scaled,Processed,7/19/2007,NiFTI,7/29/2019
75042,032_S_1169,CN,F,73,3,MRI,MPR-R; GradWarp; B1 Correction; N3; Scaled,Processed,8/24/2007,NiFTI,7/29/2019
94476,032_S_1169,CN,F,73,4,MRI,MPR; GradWarp; B1 Correction; N3; Scaled,Processed,1/17/2008,NiFTI,7/29/2019
90989,032_S_1169,CN,F,72,2,MRI,MPR-R; GradWarp; B1 Correction; N3; Scaled,Processed,1/24/2007,NiFTI,7/29/2019
88540,037_S_0303,CN,M,85,3,MRI,MPR; GradWarp; B1 Correction; N3; Scaled,Processed,10/20/2006,NiFTI,7/29/2019
64116,037_S_0303,CN,M,84,2,MRI,MPR; GradWarp; B1 Correction; N3; Scaled,Processed,5/03/2006,NiFTI,7/29/2019
138806,037_S_0303,CN,M,85,4,MRI,MPR; GradWarp; B1 Correction; N3; Scaled,Processed,4/25/2007,NiFTI,7/29/2019
58054,051_S_1123,CN,F,76,2,MRI,MPR; GradWarp; B1 Correction; N3; Scaled,Processed,2/06/2007,NiFTI,7/29/2019
94563,051_S_1123,CN,F,77,4,MRI,MPR-R; GradWarp; B1 Correction; N3; Scaled,Processed,2/18/2008,NiFTI,7/29/2019
99260,051_S_1123,CN,F,77,3,MRI,MPR; GradWarp; B1 Correction; N3; Scaled,Processed,11/06/2007,NiFTI,7/29/2019
62261,052_S_1250,CN,F,73,2,MRI,MPR; GradWarp; B1 Correction; N3; Scaled,Processed,2/28/2007,NiFTI,7/29/2019
94579,052_S_1250,CN,F,74,3,MRI,MPR; GradWarp; B1 Correction; N3; Scaled,Processed,9/05/2007,NiFTI,
91864,052_S_1250,CN,F,74,4,MRI,MPR-R; GradWarp; B1 Correction; N3; Scaled,Processed,1/25/2008,NiFTI,
101719,052_S_1251,CN,F,75,4,MRI,MPR; GradWarp; B1 Correction; N3; Scaled,Processed,3/10/2008,NiFTI,
80003,052_S_1251,CN,F,75,3,MRI,MPR; GradWarp; B1 Correction; N3; Scaled,Processed,9/24/2007,NiFTI,
62272,052_S_1251,CN,F,74,2,MRI,MPR; GradWarp; B1 Correction; N3; Scaled,Processed,3/09/2007,NiFTI,7/29/2019
80370,082_S_1256,CN,F,72,3,MRI,MPR; GradWarp; B1 Correction; N3; Scaled,Processed,10/04/2007,NiFTI,
80880,082_S_1256,CN,F,72,2,MRI,MPR; GradWarp; B1 Correction; N3; Scaled,Processed,2/23/2007,NiFTI,7/29/2019
99095,082_S_1256,CN,F,73,4,MRI,MPR; GradWarp; B1 Correction; N3; Scaled,Processed,3/03/2008,NiFTI,
75660,094_S_1241,CN,M,73,3,MRI,MPR; GradWarp; B1 Correction; N3; Scaled,Processed,8/23/2007,NiFTI,
102085,094_S_1241,CN,M,73,4,MRI,MPR; GradWarp; B1 Correction; N3; Scaled,Processed,3/06/2008,NiFTI,
65414,094_S_1241,CN,M,72,2,MRI,MPR; GradWarp; B1 Correction; N3; Scaled,Processed,2/22/2007,NiFTI,7/29/2019
80406,094_S_1267,CN,M,74,3,MRI,MPR; GradWarp; B1 Correction; N3; Scaled,Processed,9/24/2007,NiFTI,
101760,094_S_1267,CN,M,74,4,MRI,MPR-R; GradWarp; B1 Correction; N3; Scaled,Processed,3/24/2008,NiFTI,
75503,094_S_1267,CN,M,73,2,MRI,MPR; GradWarp; B1 Correction; N3; Scaled,Processed,3/22/2007,NiFTI,7/29/2019
33041,100_S_0015,CN,M,82,3,MRI,MPR-R; ; N3; Scaled,Processed,5/02/2006,NiFTI,7/28/2019
33046,100_S_0015,CN,M,81,2,MRI,MPR-R; ; N3; Scaled,Processed,10/31/2005,NiFTI,7/28/2019
63475,100_S_0015,CN,M,82,4,MRI,MPR-R; ; N3; Scaled,Processed,10/16/2006,NiFTI,7/29/2019
80679,100_S_1286,CN,F,76,3,MRI,MPR-R; ; N3; Scaled,Processed,8/30/2007,NiFTI,7/29/2019
82571,100_S_1286,CN,F,76,2,MRI,MPR; ; N3; Scaled,Processed,3/07/2007,NiFTI,7/29/2019
96312,100_S_1286,CN,F,77,4,MRI,MPR; ; N3; Scaled,Processed,2/11/2008,NiFTI,7/29/2019
87739,116_S_0382,CN,F,77,4,MRI,MPR; GradWarp; B1 Correction; N3; Scaled,Processed,6/13/2007,NiFTI,7/29/2019
89644,116_S_0382,CN,F,76,3,MRI,MPR; GradWarp; B1 Correction; N3; Scaled,Processed,11/30/2006,NiFTI,7/29/2019
53802,116_S_0382,CN,F,76,2,MRI,MPR; GradWarp; B1 Correction; N3; Scaled,Processed,6/13/2006,NiFTI,7/29/2019
91096,116_S_1232,CN,F,73,3,MRI,MPR-R; GradWarp; B1 Correction; N3; Scaled,Processed,8/01/2007,NiFTI,7/29/2019
53836,116_S_1232,CN,F,72,2,MRI,MPR-R; GradWarp; B1 Correction; N3; Scaled,Processed,2/23/2007,NiFTI,7/29/2019
91912,116_S_1232,CN,F,73,4,MRI,MPR; GradWarp; B1 Correction; N3; Scaled,Processed,1/30/2008,NiFTI,7/29/2019
80700,116_S_1249,CN,F,71,3,MRI,MPR; GradWarp; B1 Correction; N3; Scaled,Processed,8/22/2007,NiFTI,7/29/2019
53845,116_S_1249,CN,F,71,2,MRI,MPR-R; GradWarp; B1 Correction; N3; Scaled,Processed,3/01/2007,NiFTI,7/29/2019
91921,116_S_1249,CN,F,72,4,MRI,MPR; GradWarp; B1 Correction; N3; Scaled,Processed,2/06/2008,NiFTI,7/29/2019
34371,127_S_0260,CN,F,79,2,MRI,MPR; GradWarp; B1 Correction; N3; Scaled,Processed,5/01/2006,NiFTI,7/28/2019
63565,127_S_0260,CN,F,80,4,MRI,MPR; GradWarp; B1 Correction; N3; Scaled,Processed,5/08/2007,NiFTI,7/29/2019
88077,127_S_0260,CN,F,79,3,MRI,MPR; GradWarp; B1 Correction; N3; Scaled,Processed,11/02/2006,NiFTI,7/29/2019
91113,127_S_0622,CN,F,75,3,MRI,MPR; GradWarp; B1 Correction; N3; Scaled,Processed,12/13/2006,NiFTI,7/29/2019
72352,127_S_0622,CN,F,76,4,MRI,MPR; GradWarp; B1 Correction; N3; Scaled,Processed,6/27/2007,NiFTI,7/29/2019
74496,127_S_0622,CN,F,75,2,MRI,MPR; GradWarp; B1 Correction; N3; Scaled,Processed,6/29/2006,NiFTI,7/29/2019
91173,130_S_0886,CN,F,72,4,MRI,MPR; ; N3; Scaled,Processed,10/10/2007,NiFTI,7/29/2019
39288,130_S_0886,CN,F,71,2,MRI,MPR-R; ; N3; Scaled,Processed,10/16/2006,NiFTI,7/29/2019
65514,130_S_0886,CN,F,72,3,MRI,MPR; ; N3; Scaled,Processed,4/11/2007,NiFTI,7/29/2019
63743,130_S_0969,CN,M,71,3,MRI,MPR; ; N3; Scaled,Processed,5/07/2007,NiFTI,7/29/2019
39203,130_S_0969,CN,M,70,2,MRI,MPR; ; N3; Scaled,Processed,11/06/2006,NiFTI,7/29/2019
92363,130_S_0969,CN,M,71,4,MRI,MPR; ; N3; Scaled,Processed,11/07/2007,NiFTI,7/29/2019
92351,136_S_0086,CN,F,81,3,MRI,MPR-R; ; N3; Scaled,Processed,10/30/2006,NiFTI,7/29/2019
40172,136_S_0086,CN,F,80,2,MRI,MPR; ; N3; Scaled,Processed,5/08/2006,NiFTI,7/29/2019
119685,136_S_0086,CN,F,80,2,MRI,MPR; ; N3; Scaled_2,Processed,5/08/2006,NiFTI,7/29/2019
67781,136_S_0086,CN,F,81,4,MRI,MPR; ; N3; Scaled,Processed,5/01/2007,NiFTI,7/29/2019
69136,136_S_0184,CN,F,79,4,MRI,MPR-R; ; N3; Scaled,Processed,3/20/2007,NiFTI,7/29/2019
88159,136_S_0184,CN,F,79,3,MRI,MPR; ; N3; Scaled,Processed,9/06/2006,NiFTI,7/29/2019
40191,136_S_0184,CN,F,78,2,MRI,MPR; ; N3; Scaled,Processed,3/27/2006,NiFTI,7/29/2019
119712,136_S_0184,CN,F,78,2,MRI,MPR; ; N3; Scaled_2,Processed,3/27/2006,NiFTI,7/29/2019
119714,136_S_0184,CN,F,79,3,MRI,MPR; ; N3; Scaled_2,Processed,9/06/2006,NiFTI,7/23/2019
40281,136_S_0196,CN,F,79,3,MRI,MPR; ; N3; Scaled,Processed,10/23/2006,NiFTI,7/29/2019
119725,136_S_0196,CN,F,78,2,MRI,MPR; ; N3; Scaled_2,Processed,5/01/2006,NiFTI,7/29/2019
66740,136_S_0196,CN,F,79,4,MRI,MPR; ; N3; Scaled,Processed,5/07/2007,NiFTI,7/29/2019
40269,136_S_0196,CN,F,78,2,MRI,MPR; ; N3; Scaled,Processed,5/01/2006,NiFTI,7/29/2019